<ROSETTASCRIPTS>
  <SCOREFXNS>
    <ScoreFunction name="genpot_soft" weights="beta">
      <Reweight scoretype="fa_rep" weight="0.2"/>
    </ScoreFunction>
    <ScoreFunction name="genpot" weights="beta"/>
  </SCOREFXNS>

  <TASKOPERATIONS>
  </TASKOPERATIONS>

  <RESIDUE_SELECTORS>
		<Index name="SelLig" resnums="1" reverse="true" />
		<Neighborhood name="Lig_neighbors" selector="SelLig" distance="10.0" />
  </RESIDUE_SELECTORS>

  <FILTERS>
	  <BuriedUnsatHbonds name="buns_all_heavy_ball_interface"
		  report_all_heavy_atom_unsats="true" scorefxn="genpot" cutoff="4" 
		  ignore_surface_res="false" print_out_info_to_pdb="true" use_ddG_style="true" 
		  is_ligand_residue="1"
		  dalphaball_sasa="1" probe_radius="1.1" confidence="0" />
  </FILTERS>

  <MOVERS>
  </MOVERS>

  <PROTOCOLS>
    <Add filter="buns_all_heavy_ball_interface"/>
  </PROTOCOLS>
  <OUTPUT scorefxn="genpot"/>
</ROSETTASCRIPTS>
